Model,bias_prediction_rate
majority_class_baseline,1.0
phi4-mini,0.7595227168425883
random_baseline,0.6397430013767783
llama3.2_3b,0.5089490592014686
r1-1776_latest,0.45479577787976133
llama4_scout,0.32124827902707664
gpt-5.4-mini,0.2354290959155576
gemma3_27b,0.21202386415787058
gemini-2.5-flash-lite,0.14502065167508033
gpt-4o-mini,0.08627810922441487
qwen3_4b,0.03717301514456173
qwen3_30b,0.023864157870582835
